inventory_year,variable_uid,value
1990,52ab74bd-0a97-4a23-a2fc-b1c63e884b7d,286655.1603709401
1990,f05d8ef0-cd04-4769-81be-303183271230,250480.71234867387
1991,52ab74bd-0a97-4a23-a2fc-b1c63e884b7d,286655.1603709401
1991,f05d8ef0-cd04-4769-81be-303183271230,250480.71234867387
